,Branch,Amount Sold
1,Belfast,12616480959.323204
2,East,13912197214.722797
3,Flintshire,13989674847.715408
4,Forest of Dean,13672603248.731796
5,Fylde,13751655047.2154
6,Islington,12955582627.127596
7,Lichfield,13498802688.001
8,North Yorkshire,12843075026.904606
9,Orkney,13711153260.016405
