,Branch,Profitability
0,Belfast,12614927390.323204
1,Flintshire,13987939282.715408
2,Forest of Dean,13670917962.731796
3,Fylde,13749975008.2154
4,Islington,12952451810.127596
5,Lichfield,13497097330.001
6,North Yorkshire,12839784900.904606
7,Orkney,13707665292.016405
