,Branch,Profitability
0,Belfast,12614927390.323204
1,East Cambridgeshire,12614927390.323204
2,Flintshire,13987939282.715408
3,Forest of Dean,13670917962.731796
4,Fylde,13749975008.2154
5,Islington,12952451810.127596
6,Lichfield,13497097330.001
8,North Yorkshire,12839784900.904606
9,Orkney,13707665292.016405
